{"chunk_definitions":[{"chunk_id":"csetup_chunk","chunk_label":"setup","document_id":"36CC4FB6","expansion_state":0,"options":{"engine":"r","include":false,"label":"setup"},"row":176,"row_count":1,"visible":true},{"chunk_id":"cm0ti150l043t","chunk_label":"unnamed-chunk-1","document_id":"36CC4FB6","expansion_state":0,"options":{"engine":"r","label":"unnamed-chunk-65"},"row":231,"row_count":1,"visible":true},{"chunk_id":"cjvkb6vsaeovk","chunk_label":"unnamed-chunk-11","document_id":"36CC4FB6","expansion_state":0,"options":{"engine":"r","label":"unnamed-chunk-12"},"row":458,"row_count":1,"visible":true},{"chunk_id":"cuk60su83lkvm","chunk_label":"unnamed-chunk-12","document_id":"36CC4FB6","expansion_state":0,"options":{"engine":"r","fig.height":5,"fig.width":4,"label":"unnamed-chunk-11"},"row":483,"row_count":1,"visible":true}],"chunk_rendered_width":700,"default_chunk_options":{},"doc_write_time":1616610856,"working_dir":null}