{"chunk_definitions":[{"chunk_id":"csetup_chunk","chunk_label":"setup","document_id":"36CC4FB6","expansion_state":0,"options":{"engine":"r","include":false,"label":"setup"},"row":106,"row_count":1,"visible":true},{"chunk_id":"crxmjfbr1wsk9","chunk_label":"unnamed-chunk-1","document_id":"36CC4FB6","expansion_state":0,"options":{"engine":"r","label":"unnamed-chunk-1"},"row":121,"row_count":1,"visible":true},{"chunk_id":"co4gic9vv5e41","chunk_label":"unnamed-chunk-2","document_id":"36CC4FB6","expansion_state":0,"options":{"engine":"r","label":"unnamed-chunk-90"},"row":170,"row_count":1,"visible":true}],"default_chunk_options":{},"doc_write_time":1616542777,"working_dir":null}