{"chunk_definitions":[{"chunk_id":"csetup_chunk","chunk_label":"setup","document_id":"36CC4FB6","expansion_state":0,"options":{"engine":"r","include":false,"label":"setup"},"row":176,"row_count":1,"visible":true},{"chunk_id":"co8kypvpjgdzq","chunk_label":"unnamed-chunk-1","document_id":"36CC4FB6","expansion_state":0,"options":{"engine":"r","label":"unnamed-chunk-7"},"row":210,"row_count":1,"visible":true},{"chunk_id":"cm0ti150l043t","chunk_label":"unnamed-chunk-2","document_id":"36CC4FB6","expansion_state":0,"options":{"engine":"r","label":"unnamed-chunk-13"},"row":235,"row_count":1,"visible":true}],"chunk_rendered_width":400,"doc_write_time":1616641310}