"0","map_poverty <- tm_shape(poverty_df) +"
"0","          tm_polygons(col = ""Poor_Ensemble_RPR20"", style = ""pretty"","
"0","                      title = ""Poverty Rate (below<br> 20% income decile)"","
"0","                      textNA = ""No Data Available"","
"0","                      popup.vars = c(""ED""),"
"0","                      id = c(""Predicted""),"
"0","                      interactive = TRUE,"
"0","                      border.alpha = 0.7,"
"0","                      palette = ""Oranges"","
"0","                      lwd = 0.5) +"
"0","          tm_layout(scale = 1, frame = FALSE) +"
"0","          tm_view(view.legend.position = c(""right"",""bottom""))"
"0",""
"0","map_poverty <- tmap_leaflet(map_poverty)"
"0","require(leaflet)"
"0","map_poverty <- map_poverty %>% leaflet::addAwesomeMarkers(data = access, ~Long, ~Lat, icon = icons, "
"0","                                                          popup = paste(""Name: "", access$Name, ""<br>"","
"0","                                                                        ""District: "", access$District, ""<br>"","
"0","                                                                        ""Type: "", access$Type))"
"0","map_poverty"
