{"chunk_definitions":[{"chunk_id":"csetup_chunk","chunk_label":"setup","document_id":"36CC4FB6","expansion_state":0,"options":{"engine":"r","include":false,"label":"setup"},"row":200,"row_count":1,"visible":true},{"chunk_id":"co8kypvpjgdzq","chunk_label":"unnamed-chunk-1","document_id":"36CC4FB6","expansion_state":0,"options":{"engine":"r","label":"unnamed-chunk-1"},"row":234,"row_count":1,"visible":true},{"chunk_id":"cm0ti150l043t","chunk_label":"unnamed-chunk-2","document_id":"36CC4FB6","expansion_state":0,"options":{"engine":"r","label":"unnamed-chunk-13"},"row":259,"row_count":1,"visible":true},{"chunk_id":"csbaavevi9heo","chunk_label":"unnamed-chunk-12","document_id":"FBDA3D20","expansion_state":0,"options":{"engine":"r","label":"unnamed-chunk-35"},"row":515,"row_count":1,"visible":true}],"default_chunk_options":{},"doc_write_time":1616784101,"working_dir":null}