"0","# Function to determine color of marker"
"0","getColor <- function(access) {"
"0","  sapply(access$Type, function(Type) {"
"0","  if(Type == ""ATM"") {"
"0","    ""cadetblue"""
"0","  } else if(Type == ""Branch"") {"
"0","    ""blue"""
"0","  } else {"
"0","    ""lightblue"""
"0","  } })"
"0","}"
"0",""
"0","# Function to determine icon for marker"
"0","getIcon <- function(access) {"
"0","  sapply(access$Type, function(Type) {"
"0","  if(Type == ""ATM"") {"
"0","    'credit-card'"
"0","  } else if(Type == ""Branch"") {"
"0","    'university'"
"0","  } else {"
"0","    'building'"
"0","  } })"
"0","}"
"0",""
"0","# Generate icons"
"0","icons <- awesomeIcons("
"0","  icon = getIcon(access),"
"0","  iconColor = '#FFFFFF',"
"0","  library = 'fa',"
"0","  markerColor = getColor(access),"
"0",") "
