"0","library(tidyverse)"
"0","# Mapping"
"0","library(tmap)"
"0","library(tmaptools)"
"0","library(leaflet)"
"0","# Geo"
"0","library(sp)"
"0","library(sf) "
"0","library(spdep)"
"0","library(rgeos)"
"0","library(lwgeom)"
"0","# Dashboard"
"0","library(DT)"
"0","library(flexdashboard)"
"0","# Plots"
"0","library(viridis)"
"0","library(scales)"
"0","library(plotly)"
"0","library(ggthemes)"
"0",""
"0","options(digits=10)"
"0",""
"0","# Reading in data"
"0","internet <- read_csv(""mean_internet_access_ED.csv"")"
"2","Parsed with column specification:
cols(
  fips = [32mcol_double()[39m,
  mean_internet_access = [33mcol_logical()[39m,
  mFIPS = [32mcol_double()[39m,
  district = [32mcol_double()[39m,
  locality = [31mcol_character()[39m,
  ed = [32mcol_double()[39m,
  population = [32mcol_double()[39m,
  objectid = [32mcol_double()[39m
)
"
"0","census <- read_csv(""Census_preds_EDS.csv"")"
"2","Parsed with column specification:
cols(
  fips = [32mcol_double()[39m,
  preds_no_bank_acct = [32mcol_double()[39m,
  no_bank_no_money = [32mcol_double()[39m,
  no_bank_too_far = [32mcol_double()[39m,
  used_online_banking = [32mcol_double()[39m,
  borrowed_formally = [32mcol_double()[39m,
  objectid = [32mcol_double()[39m,
  mFIPS = [32mcol_double()[39m,
  district = [32mcol_double()[39m,
  locality = [31mcol_character()[39m,
  ed = [32mcol_double()[39m
)
"
"0","sub_areas <- st_read(""ED_2018_FIPS.shp"")"
"1","Reading layer `"
"1","ED_2018_FIPS"
"1","' from data source `"
"1","/Users/cadystringer/Desktop/Belize_Financial_Inclusion_Dashboard/ED_2018_FIPS.shp"
"1","' using driver `"
"1","ESRI Shapefile"
"1","'"
"1","
"
"1","Simple feature collection with 723 features and 12 fields"
"1","
"
"1","geometry type:  MULTIPOLYGON
"
"1","dimension:      XY
"
"1","bbox:           "
"1","xmin: 261466.7587 ymin: 1757567.977 xmax: 459999.5124 ymax: 2045622.322"
"1","
"
"1","projected CRS:  WGS 84 / UTM zone 16N
"
"0","poverty <- read_csv(""CensusEDPreds.csv"")"
"2","Parsed with column specification:
cols(
  .default = col_double()
)
"
"2","See spec(...) for full column specifications.
"
"0","access <- read.csv(""FI_Access_Points_Clean.csv"", stringsAsFactors = FALSE, header = TRUE)"
"0","access$Type = as.factor(access$Type)"
"0",""
"0","# ggplot() + "
"0","#   geom_sf(data = sub_areas, fill = 'white') "
"0","# "
"0","# sub_2 <- subset(sub_areas, ED_2018==113)"
"0","# sub_3 <- subset(sub_areas, ED_2018==113 & OBJECTID == 250)"
"0","# "
"0","# sps = SpatialPolygons(sub_areas)"
"0","# spdf = SpatialPolygonsDataFrame(sps,sub_areas)"
"0","# "
"0","# "
"0","# ggplot() + "
"0","#   geom_sf(data = sub_2, fill = 'white') "
"0","# "
"0","# ggplot() + "
"0","#   geom_sf(data = sub_3, fill = 'white') "
"0",""
"0","# Merging data"
"0","poverty_areas <- merge(sub_areas, poverty, by.x='FIPS', by.y = ""fips"", all.x = TRUE)"
"0","sub_areas <- merge(sub_areas, internet, by.x='FIPS', by.y = ""fips"", all.x = TRUE)"
"0","sub_areas <- merge(sub_areas, census, by.x='FIPS', by.y = ""fips"", all.x = TRUE)"
"0",""
"0","# Create subset that excludes ocean geographies"
"0","ocean <- c(51200201,61200217)"
"0","sub_areas <- sub_areas %>% drop_na(Area)"
"0","sub_areas <- sub_areas %>% filter(FIPS %in% ocean == FALSE)"
"0","poverty_areas <- poverty_areas %>% drop_na(Area)"
"0","poverty_areas <- poverty_areas %>% filter(FIPS %in% ocean == FALSE)"
"0",""
"0","# Calculate population density"
"0","Area_Equidistant <- ""+proj=eqdc +lat_0=0 +lon_0=0 +lat_1=33 +lat_2=45 +x_0=0 +y_0=0 +ellps=GRS80 +datum=NAD83 +units=m no_defs"""
"0","sub_areas <- sub_areas %>% mutate(m2 = st_transform(sub_areas, Area_Equidistant) %>% st_area())"
"0","sub_areas <- sub_areas %>% mutate(km2 = m2 / 1e+6)"
"0","sub_areas <- sub_areas %>% mutate(pop_density = population/km2)"
"0","poverty_areas <- poverty_areas %>% mutate(m2 = st_transform(poverty_areas, Area_Equidistant) %>% st_area())"
"0","poverty_areas <- poverty_areas %>% mutate(km2 = m2 / 1e+6)"
"0","poverty_areas <- poverty_areas %>% mutate(pop_density = population/km2)"
"0",""
"0","# Converte coordinates to lat/lon"
"0","sub_areas <- st_transform_proj(sub_areas, ""+proj=longlat"")"
"0","poverty_areas <- st_transform_proj(poverty_areas, ""+proj=longlat"")"
"0",""
"0","# Display data table (for presentation purposes in dashboard) --------------------------------"
"0","census_dt <- census %>% mutate("
"0","  preds_no_bank_acct = percent(x = preds_no_bank_acct, accuracy=0.01, suffix = ""%""),"
"0","  no_bank_no_money = percent(x = no_bank_no_money, accuracy=0.01, suffix = ""%""),"
"0","  used_online_banking = percent(x = used_online_banking,accuracy=0.01, suffix = ""%""),"
"0","  borrowed_formally = percent(x = borrowed_formally, accuracy=0.01, suffix = ""%""))"
"0",""
"0","# Poverty Data --------------------------------"
"0","poverty_df <- poverty_areas"
"0","poverty_df <- poverty_df %>% rename(ED = ED_2018) "
"0","poverty_df <- poverty_df %>% mutate(Predicted_Val = round(Poor_Ensemble_RPR20,4))"
"0","poverty_df <- poverty_df %>% mutate(Predicted = percent(x = Predicted_Val, accuracy= 0.01, suffix = ""%""))"
"0",""
"0","# No bank, not enough money Data --------------------------------"
"0","not_enough_money_df <- sub_areas"
"0","not_enough_money_df <- not_enough_money_df %>% rename(ED = ED_2018) "
"0","not_enough_money_df <- not_enough_money_df %>% mutate(Predicted_Val = round(no_bank_no_money,4))"
"0","not_enough_money_df <- not_enough_money_df %>% mutate(Predicted = percent(x = Predicted_Val, accuracy= 0.01, suffix = ""%""))"
"0",""
"0","# No bank Data --------------------------------"
"0","no_bank_df <- sub_areas"
"0","no_bank_df <- no_bank_df %>% rename(ED = ED_2018)"
"0","no_bank_df <- no_bank_df %>% mutate(Predicted_Val = round(preds_no_bank_acct,4))"
"0","no_bank_df <- no_bank_df %>% mutate(Predicted = percent(x = Predicted_Val, accuracy= 0.01, suffix = ""%""))"
"0",""
"0","# Used online banking Data --------------------------------"
"0","used_online_banking_df <- sub_areas"
"0","used_online_banking_df <- used_online_banking_df %>% rename(ED = ED_2018) "
"0","used_online_banking_df <- used_online_banking_df %>% mutate(Predicted_Val = round(used_online_banking,4))"
"0","used_online_banking_df <- used_online_banking_df %>% mutate(Predicted = percent(x = Predicted_Val, accuracy= 0.01, suffix = ""%""))"
"0",""
"0","# Borrowed formally Data --------------------------------"
"0","borrowed_formally_df <- sub_areas"
"0","borrowed_formally_df <- borrowed_formally_df %>% rename(ED = ED_2018) "
"0","borrowed_formally_df <- borrowed_formally_df %>% mutate(Predicted_Val = (round(borrowed_formally,4)))"
"0","borrowed_formally_df <- borrowed_formally_df %>% mutate(Predicted = percent(x = Predicted_Val, accuracy= 0.01, suffix = ""%""))"
"0",""
"0","# Borrowed formally Data --------------------------------"
"0","no_bank_too_far_df <- sub_areas"
"0","no_bank_too_far_df <- no_bank_too_far_df %>% rename(ED = ED_2018) "
"0","no_bank_too_far_df <- no_bank_too_far_df %>% mutate(Predicted_Val = (round(no_bank_too_far,4)))"
"0","no_bank_too_far_df <- no_bank_too_far_df %>% mutate(Predicted = percent(x = Predicted_Val, accuracy= 0.01, suffix = ""%""))"
"0",""
"0","# Calculating distance from ED to nearest ATM/Bank  --------------------------------"
"0",""
"0","# OLD CODE, just placed here for covenience:"
"0","sub_areas <- st_read(""ED_2018_FIPS.shp"")"
"1","Reading layer `"
"1","ED_2018_FIPS"
"1","' from data source `"
"1","/Users/cadystringer/Desktop/Belize_Financial_Inclusion_Dashboard/ED_2018_FIPS.shp"
"1","' using driver `"
"1","ESRI Shapefile"
"1","'"
"1","
"
"1","Simple feature collection with 723 features and 12 fields"
"1","
"
"1","geometry type:  MULTIPOLYGON
"
"1","dimension:      XY
"
"1","bbox:           "
"1","xmin: 261466.7587 ymin: 1757567.977 xmax: 459999.5124 ymax: 2045622.322"
"1","
"
"1","projected CRS:  WGS 84 / UTM zone 16N
"
"0","sub_areas <- merge(sub_areas, internet, by.x='FIPS', by.y = ""fips"", all.x = TRUE)"
"0","sub_areas <- merge(sub_areas, census, by.x='FIPS', by.y = ""fips"", all.x = TRUE)"
"0","sub_areas <- sub_areas %>% drop_na(Area)"
"0","ocean <- c(51200201,61200217)"
"0","sub_areas <- sub_areas %>% filter(FIPS %in% ocean == FALSE)"
"0","Area_Equidistant <- ""+proj=eqdc +lat_0=0 +lon_0=0 +lat_1=33 +lat_2=45 +x_0=0 +y_0=0 +ellps=GRS80 +datum=NAD83 +units=m no_defs"""
"0","sub_areas <- sub_areas %>% mutate(m2 = st_transform(sub_areas, Area_Equidistant) %>% st_area())"
"0","sub_areas <- sub_areas %>% mutate(km2 = m2 / 1e+6)"
"0","sub_areas <- sub_areas %>% mutate(pop_density = population/km2)"
"0",""
"0","# NEW 3/23/2021 --------------------"
"0",""
"0","# # Transform to UTM instead of lat/long because centroid isn't recommended with lat/long coordinates"
"0","# # SOURCE: https://gis.stackexchange.com/questions/43543/how-to-calculate-polygon-centroids-in-r-for-non-contiguous-shapes/43558"
"0","# nc <- sub_areas %>% st_transform(32617)"
"0","# # Two ways to do the same thing:"
"0","# sp_centroid <- gCentroid(as(nc, ""Spatial""), byid = TRUE)"
"0","# sf_centroid <- st_centroid(nc)"
"0","# "
"0","# # This plot confirms we get the same result with gCentroid and st_centroid"
"0","# ggplot() + "
"0","#   geom_sf(data = nc, fill = 'white') "
"0","# # +"
"0","# #   geom_sf(data = sp_centroid %>% st_as_sf, color = 'blue') + "
"0","# #   geom_sf(data = sf_centroid, color = 'red') "
"0","# "
"0","# # Now we have a DF with centroids and their corresponding ED"
"0","# sf_centroid <- sf_centroid %>% select(c(ED_2018,geometry))"
"0","# view(sf_centroid)"
"0","# view(sub_areas)"
"0","# "
"0","# sub_areas_factored <- sub_areas"
"0","# sub_areas_factored$ED_2018 <- as.factor(sub_areas$ED_2018)"
"0","# "
"0","# "
"0","# sub_areas_grouped <- sub_areas_factored %>% group_by(ED_2018)"
"0","# view(sub_areas_grouped)"
"0","# # doesn't work"
"0","# # coords <- access %>% select(c(Long,Lat))"
"0","# # coordinates(access)=~Long+Lat"
"0","# # access_transformed <- access %>% st_transform(32617)"
"0","# "
"0","# spts = SpatialPoints(coords)"
"0","# # view(sub_areas)"
"0",""
"0","# OTHER ATTEMPTS/IDEAS"
"0","# a <- spts[0]"
"0","# d <- spts[1]"
"0","# "
"0","# b <- sub_areas$geometry[,1]"
"0","# c <- sub_areas$geometry[,2]"
"0","# stuff <- unlist(sub_areas$geometry[,2])"
"0","# stuff"
"0","# stuff[1]"
"0","# stuff[0]"
"0","# "
"0","# point1 <- st_centroid(sub_areas$geometry[,1])"
"0","# point1 <- st_centroid(point1)"
"0","# center <- gCentroid(sub_areas$geometry,byid=TRUE)"
"0","# "
"0","# point2 <- st_centroid(sub_areas$geometry[,2])"
"0","#"
"0","# df$distance <- gDistance(spts, sf_cent$geometry,byid=TRUE)"
"0","# df$distance <- st_distance(point1,point2)"
"0",""
"0",""
"0","# DISTANCE FROM ONE POINT TO MANY POLYGONS https://gis.stackexchange.com/questions/85446/r-distance-from-one-point-to-many-polygons"
"0","# CONVERT LAT/LON DATA TO RASTER FILE https://gis.stackexchange.com/questions/20018/how-can-i-convert-data-in-the-form-of-lat-lon-value-into-a-raster-file-using-r/20052"
"0","# CALCULATE DISTANCE BETWEEN POINTS AND NEAREST POLYGON https://gis.stackexchange.com/questions/225102/calculate-distance-between-points-and-nearest-polygon-in-r"
"0",""
